{
    "lr": 0.0008024521889759168, 
    "batch_size": 256, 
    "dropout": 0.24823493843102154, 
    "randerase_p": 0.35941761914801756, 
    "warmup_rati": 0.07266791504808244, 
    "weight_decay": 0.0
}